Module,API Endpoint,HTTP Method,Request,Response,User-Defined Files,User-Defined Methods,Database,DB Object,DB Object Type
Authentication,/ChangeLogin.do,POST,Form parameters (Struts form / query parameters),HTML (JSP view) via Struts forward,action/ChangeAction.java; FormBean: loginForm,Dispatch methods / execute() inside Action class (varies by 'option' or 'method' parameter),ITLDIS (SQL Server),Access via DAO classes and Hibernate entities (see 'dao' and 'HibernateMapping' packages),"Tables / Views / Stored Procedures (via Hibernate/JDBC, endpoint-specific)"
Authentication,/Welcome.do,POST,Form parameters (Struts form / query parameters),HTML (JSP view) via Struts forward,,Dispatch methods / execute() inside Action class (varies by 'option' or 'method' parameter),ITLDIS (SQL Server),Access via DAO classes and Hibernate entities (see 'dao' and 'HibernateMapping' packages),"Tables / Views / Stored Procedures (via Hibernate/JDBC, endpoint-specific)"
Authentication,/login.do,POST,Form parameters (Struts form / query parameters),HTML (JSP view) via Struts forward,action/LoginAction.java; FormBean: loginForm,Dispatch methods / execute() inside Action class (varies by 'option' or 'method' parameter),ITLDIS (SQL Server),Access via DAO classes and Hibernate entities (see 'dao' and 'HibernateMapping' packages),"Tables / Views / Stored Procedures (via Hibernate/JDBC, endpoint-specific)"
Customer Management,/manageCustomerAction.do,POST,Form parameters (Struts form / query parameters),HTML (JSP view) via Struts forward,action/ManageCustomerAction.java; FormBean: customerForm,Dispatch methods / execute() inside Action class (varies by 'option' or 'method' parameter),ITLDIS (SQL Server),Access via DAO classes and Hibernate entities (see 'dao' and 'HibernateMapping' packages),"Tables / Views / Stored Procedures (via Hibernate/JDBC, endpoint-specific)"
Digital Signature,/DigitalSignatureAction.do,POST,Form parameters (Struts form / query parameters),HTML (JSP view) via Struts forward,action/DigitalSignatureAction.java,Dispatch methods / execute() inside Action class (varies by 'option' or 'method' parameter),ITLDIS (SQL Server),Access via DAO classes and Hibernate entities (see 'dao' and 'HibernateMapping' packages),"Tables / Views / Stored Procedures (via Hibernate/JDBC, endpoint-specific)"
EAMG Catalogue,/Assign_ComponentToModelAction.do,POST,Form parameters (Struts form / query parameters),HTML (JSP view) via Struts forward,EAMG/Model/Action/AssignComponentToModelAction.java; FormBean: EAMG_Variant_AggregatesActionForm,Dispatch methods / execute() inside Action class (varies by 'option' or 'method' parameter),ITLDIS (SQL Server),Access via DAO classes and Hibernate entities (see 'dao' and 'HibernateMapping' packages),"Tables / Views / Stored Procedures (via Hibernate/JDBC, endpoint-specific)"
EAMG Catalogue,/ChangeGroupSequence.do,POST,Form parameters (Struts form / query parameters),HTML (JSP view) via Struts forward,EAMG/Group/Action/ChangeGroupSequenceAction.java; FormBean: EAMG_GroupCreationByWzActionForm,Dispatch methods / execute() inside Action class (varies by 'option' or 'method' parameter),ITLDIS (SQL Server),Access via DAO classes and Hibernate entities (see 'dao' and 'HibernateMapping' packages),"Tables / Views / Stored Procedures (via Hibernate/JDBC, endpoint-specific)"
EAMG Catalogue,/CreatePDF.do,POST,Form parameters (Struts form / query parameters),HTML (JSP view) via Struts forward,EAMG/Other/Action/CreatePDFAction.java; FormBean: createPDFActionForm,Dispatch methods / execute() inside Action class (varies by 'option' or 'method' parameter),ITLDIS (SQL Server),Access via DAO classes and Hibernate entities (see 'dao' and 'HibernateMapping' packages),"Tables / Views / Stored Procedures (via Hibernate/JDBC, endpoint-specific)"
EAMG Catalogue,/EAMG_CompModifParamsAction.do,POST,Form parameters (Struts form / query parameters),HTML (JSP view) via Struts forward,EAMG/Part/Action/EAMG_CompModifParamsAction.java,Dispatch methods / execute() inside Action class (varies by 'option' or 'method' parameter),ITLDIS (SQL Server),Access via DAO classes and Hibernate entities (see 'dao' and 'HibernateMapping' packages),"Tables / Views / Stored Procedures (via Hibernate/JDBC, endpoint-specific)"
EAMG Catalogue,/EAMG_CreateAggregate.do,POST,Form parameters (Struts form / query parameters),HTML (JSP view) via Struts forward,EAMG/Model/Action/EAMG_AddAggregateAction.java,Dispatch methods / execute() inside Action class (varies by 'option' or 'method' parameter),ITLDIS (SQL Server),Access via DAO classes and Hibernate entities (see 'dao' and 'HibernateMapping' packages),"Tables / Views / Stored Procedures (via Hibernate/JDBC, endpoint-specific)"
EAMG Catalogue,/EAMG_CreateAlternates.do,POST,Form parameters (Struts form / query parameters),HTML (JSP view) via Struts forward,EAMG/Group/Action/EAMG_CreateAlternates.java,Dispatch methods / execute() inside Action class (varies by 'option' or 'method' parameter),ITLDIS (SQL Server),Access via DAO classes and Hibernate entities (see 'dao' and 'HibernateMapping' packages),"Tables / Views / Stored Procedures (via Hibernate/JDBC, endpoint-specific)"
EAMG Catalogue,/EAMG_CreateEAMGPart_OMEPart.do,POST,Form parameters (Struts form / query parameters),HTML (JSP view) via Struts forward,EAMG/Other/Action/EAMG_EAMGPart_OEMPartAction.java,Dispatch methods / execute() inside Action class (varies by 'option' or 'method' parameter),ITLDIS (SQL Server),Access via DAO classes and Hibernate entities (see 'dao' and 'HibernateMapping' packages),"Tables / Views / Stored Procedures (via Hibernate/JDBC, endpoint-specific)"
EAMG Catalogue,/EAMG_CreateModel.do,POST,Form parameters (Struts form / query parameters),HTML (JSP view) via Struts forward,EAMG/Model/Action/EAMG_AddModelAction.java,Dispatch methods / execute() inside Action class (varies by 'option' or 'method' parameter),ITLDIS (SQL Server),Access via DAO classes and Hibernate entities (see 'dao' and 'HibernateMapping' packages),"Tables / Views / Stored Procedures (via Hibernate/JDBC, endpoint-specific)"
EAMG Catalogue,/EAMG_Create_Group.do,POST,Form parameters (Struts form / query parameters),HTML (JSP view) via Struts forward,,Dispatch methods / execute() inside Action class (varies by 'option' or 'method' parameter),ITLDIS (SQL Server),Access via DAO classes and Hibernate entities (see 'dao' and 'HibernateMapping' packages),"Tables / Views / Stored Procedures (via Hibernate/JDBC, endpoint-specific)"
EAMG Catalogue,/EAMG_GroupCreationByWzAction.do,POST,Form parameters (Struts form / query parameters),HTML (JSP view) via Struts forward,EAMG/Group/Action/EAMG_GroupCreationByWzAction.java; FormBean: EAMG_GroupCreationByWzActionForm,Dispatch methods / execute() inside Action class (varies by 'option' or 'method' parameter),ITLDIS (SQL Server),Access via DAO classes and Hibernate entities (see 'dao' and 'HibernateMapping' packages),"Tables / Views / Stored Procedures (via Hibernate/JDBC, endpoint-specific)"
EAMG Catalogue,/EAMG_ModifyGroupDetailsAction.do,POST,Form parameters (Struts form / query parameters),HTML (JSP view) via Struts forward,EAMG/Group/Action/EAMG_ModifyGroupDetailsAction.java,Dispatch methods / execute() inside Action class (varies by 'option' or 'method' parameter),ITLDIS (SQL Server),Access via DAO classes and Hibernate entities (see 'dao' and 'HibernateMapping' packages),"Tables / Views / Stored Procedures (via Hibernate/JDBC, endpoint-specific)"
EAMG Catalogue,/EAMG_PartAction.do,POST,Form parameters (Struts form / query parameters),HTML (JSP view) via Struts forward,EAMG/Part/Action/EAMG_CreatePartyByWz.java,Dispatch methods / execute() inside Action class (varies by 'option' or 'method' parameter),ITLDIS (SQL Server),Access via DAO classes and Hibernate entities (see 'dao' and 'HibernateMapping' packages),"Tables / Views / Stored Procedures (via Hibernate/JDBC, endpoint-specific)"
EAMG Catalogue,/EAMG_Partcreationwz.do,POST,Form parameters (Struts form / query parameters),HTML (JSP view) via Struts forward,EAMG/Part/Action/EAMG_PartCreationByWizardAction.java,Dispatch methods / execute() inside Action class (varies by 'option' or 'method' parameter),ITLDIS (SQL Server),Access via DAO classes and Hibernate entities (see 'dao' and 'HibernateMapping' packages),"Tables / Views / Stored Procedures (via Hibernate/JDBC, endpoint-specific)"
EAMG Catalogue,/EAMG_ShowGrpBomCustom.do,POST,Form parameters (Struts form / query parameters),HTML (JSP view) via Struts forward,EAMG/Group/Action/EAMG_ShowGrpBomCustomAction.java,Dispatch methods / execute() inside Action class (varies by 'option' or 'method' parameter),ITLDIS (SQL Server),Access via DAO classes and Hibernate entities (see 'dao' and 'HibernateMapping' packages),"Tables / Views / Stored Procedures (via Hibernate/JDBC, endpoint-specific)"
EAMG Catalogue,/EAMG_Upload_tsn_matrix.do,POST,Form parameters (Struts form / query parameters),HTML (JSP view) via Struts forward,EAMG/Other/Action/EAMG_AddTSNAction.java,Dispatch methods / execute() inside Action class (varies by 'option' or 'method' parameter),ITLDIS (SQL Server),Access via DAO classes and Hibernate entities (see 'dao' and 'HibernateMapping' packages),"Tables / Views / Stored Procedures (via Hibernate/JDBC, endpoint-specific)"
EAMG Catalogue,/EAMG_VS_OMEAction.do,POST,Form parameters (Struts form / query parameters),HTML (JSP view) via Struts forward,EAMG/Other/Action/EAMG_VS_OMEAction.java,Dispatch methods / execute() inside Action class (varies by 'option' or 'method' parameter),ITLDIS (SQL Server),Access via DAO classes and Hibernate entities (see 'dao' and 'HibernateMapping' packages),"Tables / Views / Stored Procedures (via Hibernate/JDBC, endpoint-specific)"
EAMG Catalogue,/EAMG_Variant_Aggregates.do,POST,Form parameters (Struts form / query parameters),HTML (JSP view) via Struts forward,EAMG/Model/Action/EAMG_Variant_AggregatesAction.java; FormBean: EAMG_Variant_AggregatesActionForm,Dispatch methods / execute() inside Action class (varies by 'option' or 'method' parameter),ITLDIS (SQL Server),Access via DAO classes and Hibernate entities (see 'dao' and 'HibernateMapping' packages),"Tables / Views / Stored Procedures (via Hibernate/JDBC, endpoint-specific)"
EAMG Catalogue,/EAMG_addVehicle.do,POST,Form parameters (Struts form / query parameters),HTML (JSP view) via Struts forward,EAMG/Model/Action/EAMG_addVehicleAction.java; FormBean: EAMG_Variant_AggregatesActionForm,Dispatch methods / execute() inside Action class (varies by 'option' or 'method' parameter),ITLDIS (SQL Server),Access via DAO classes and Hibernate entities (see 'dao' and 'HibernateMapping' packages),"Tables / Views / Stored Procedures (via Hibernate/JDBC, endpoint-specific)"
EAMG Catalogue,/EAMG_attachgroup.do,POST,Form parameters (Struts form / query parameters),HTML (JSP view) via Struts forward,EAMG/Model/Action/EAMG_AttachGroupAction.java,Dispatch methods / execute() inside Action class (varies by 'option' or 'method' parameter),ITLDIS (SQL Server),Access via DAO classes and Hibernate entities (see 'dao' and 'HibernateMapping' packages),"Tables / Views / Stored Procedures (via Hibernate/JDBC, endpoint-specific)"
EAMG Catalogue,/EAMG_check_kit_exist.do,POST,Form parameters (Struts form / query parameters),HTML (JSP view) via Struts forward,EAMG/Kit/Action/EAMG_CreateKitByWizardAction.java,Dispatch methods / execute() inside Action class (varies by 'option' or 'method' parameter),ITLDIS (SQL Server),Access via DAO classes and Hibernate entities (see 'dao' and 'HibernateMapping' packages),"Tables / Views / Stored Procedures (via Hibernate/JDBC, endpoint-specific)"
EAMG Catalogue,/EAMG_check_tool_exist.do,POST,Form parameters (Struts form / query parameters),HTML (JSP view) via Struts forward,EAMG/Tool/Action/EAMG_CreateToolByWizardAction.java,Dispatch methods / execute() inside Action class (varies by 'option' or 'method' parameter),ITLDIS (SQL Server),Access via DAO classes and Hibernate entities (see 'dao' and 'HibernateMapping' packages),"Tables / Views / Stored Procedures (via Hibernate/JDBC, endpoint-specific)"
EAMG Catalogue,/EAMG_complete_model.do,POST,Form parameters (Struts form / query parameters),HTML (JSP view) via Struts forward,EAMG/Model/Action/EAMG_CompleteModelAction.java,Dispatch methods / execute() inside Action class (varies by 'option' or 'method' parameter),ITLDIS (SQL Server),Access via DAO classes and Hibernate entities (see 'dao' and 'HibernateMapping' packages),"Tables / Views / Stored Procedures (via Hibernate/JDBC, endpoint-specific)"
EAMG Catalogue,/EAMG_create_ass_wz.do,POST,Form parameters (Struts form / query parameters),HTML (JSP view) via Struts forward,EAMG/Kit/Action/EAMG_CreateAssemblyByWz.java,Dispatch methods / execute() inside Action class (varies by 'option' or 'method' parameter),ITLDIS (SQL Server),Access via DAO classes and Hibernate entities (see 'dao' and 'HibernateMapping' packages),"Tables / Views / Stored Procedures (via Hibernate/JDBC, endpoint-specific)"
EAMG Catalogue,/EAMG_create_ass_wz_tool.do,POST,Form parameters (Struts form / query parameters),HTML (JSP view) via Struts forward,EAMG/Tool/Action/EAMG_CreateAssemblyByWz.java,Dispatch methods / execute() inside Action class (varies by 'option' or 'method' parameter),ITLDIS (SQL Server),Access via DAO classes and Hibernate entities (see 'dao' and 'HibernateMapping' packages),"Tables / Views / Stored Procedures (via Hibernate/JDBC, endpoint-specific)"
EAMG Catalogue,/EAMG_create_group1.do,POST,Form parameters (Struts form / query parameters),HTML (JSP view) via Struts forward,EAMG/Group/Action/EAMG_CreateGroupAction.java,Dispatch methods / execute() inside Action class (varies by 'option' or 'method' parameter),ITLDIS (SQL Server),Access via DAO classes and Hibernate entities (see 'dao' and 'HibernateMapping' packages),"Tables / Views / Stored Procedures (via Hibernate/JDBC, endpoint-specific)"
EAMG Catalogue,/EAMG_create_group_data.do,POST,Form parameters (Struts form / query parameters),HTML (JSP view) via Struts forward,EAMG/Group/Action/EAMG_CreateGroupDataAction.java,Dispatch methods / execute() inside Action class (varies by 'option' or 'method' parameter),ITLDIS (SQL Server),Access via DAO classes and Hibernate entities (see 'dao' and 'HibernateMapping' packages),"Tables / Views / Stored Procedures (via Hibernate/JDBC, endpoint-specific)"
EAMG Catalogue,/EAMG_create_model.do,POST,Form parameters (Struts form / query parameters),HTML (JSP view) via Struts forward,EAMG/Model/Action/EAMG_CreateModel.java,Dispatch methods / execute() inside Action class (varies by 'option' or 'method' parameter),ITLDIS (SQL Server),Access via DAO classes and Hibernate entities (see 'dao' and 'HibernateMapping' packages),"Tables / Views / Stored Procedures (via Hibernate/JDBC, endpoint-specific)"
EAMG Catalogue,/EAMG_delete_unused_groups.do,POST,Form parameters (Struts form / query parameters),HTML (JSP view) via Struts forward,EAMG/Group/Action/EAMG_DeleteUnusedGroupsAction.java,Dispatch methods / execute() inside Action class (varies by 'option' or 'method' parameter),ITLDIS (SQL Server),Access via DAO classes and Hibernate entities (see 'dao' and 'HibernateMapping' packages),"Tables / Views / Stored Procedures (via Hibernate/JDBC, endpoint-specific)"
EAMG Catalogue,/EAMG_deleteunusedkits.do,POST,Form parameters (Struts form / query parameters),HTML (JSP view) via Struts forward,EAMG/Kit/Action/EAMG_DeleteUnusedKitsAction.java,Dispatch methods / execute() inside Action class (varies by 'option' or 'method' parameter),ITLDIS (SQL Server),Access via DAO classes and Hibernate entities (see 'dao' and 'HibernateMapping' packages),"Tables / Views / Stored Procedures (via Hibernate/JDBC, endpoint-specific)"
EAMG Catalogue,/EAMG_deleteunusedparts.do,POST,Form parameters (Struts form / query parameters),HTML (JSP view) via Struts forward,EAMG/Part/Action/EAMG_DeleteUnusedpartsAction.java,Dispatch methods / execute() inside Action class (varies by 'option' or 'method' parameter),ITLDIS (SQL Server),Access via DAO classes and Hibernate entities (see 'dao' and 'HibernateMapping' packages),"Tables / Views / Stored Procedures (via Hibernate/JDBC, endpoint-specific)"
EAMG Catalogue,/EAMG_deleteunusedtools.do,POST,Form parameters (Struts form / query parameters),HTML (JSP view) via Struts forward,EAMG/Tool/Action/EAMG_DeleteUnusedToolsAction.java,Dispatch methods / execute() inside Action class (varies by 'option' or 'method' parameter),ITLDIS (SQL Server),Access via DAO classes and Hibernate entities (see 'dao' and 'HibernateMapping' packages),"Tables / Views / Stored Procedures (via Hibernate/JDBC, endpoint-specific)"
EAMG Catalogue,/EAMG_kitInsertionByWz.do,POST,Form parameters (Struts form / query parameters),HTML (JSP view) via Struts forward,EAMG/Kit/Action/EAMG_KitInsertionByWzAction.java,Dispatch methods / execute() inside Action class (varies by 'option' or 'method' parameter),ITLDIS (SQL Server),Access via DAO classes and Hibernate entities (see 'dao' and 'HibernateMapping' packages),"Tables / Views / Stored Procedures (via Hibernate/JDBC, endpoint-specific)"
EAMG Catalogue,/EAMG_modify_comp_by_excel.do,POST,Form parameters (Struts form / query parameters),HTML (JSP view) via Struts forward,EAMG/Part/Action/EAMG_ModifyPartByExcel.java,Dispatch methods / execute() inside Action class (varies by 'option' or 'method' parameter),ITLDIS (SQL Server),Access via DAO classes and Hibernate entities (see 'dao' and 'HibernateMapping' packages),"Tables / Views / Stored Procedures (via Hibernate/JDBC, endpoint-specific)"
EAMG Catalogue,/EAMG_modify_kit.do,POST,Form parameters (Struts form / query parameters),HTML (JSP view) via Struts forward,EAMG/Kit/Action/EAMG_ModifyKitDetailsAction.java,Dispatch methods / execute() inside Action class (varies by 'option' or 'method' parameter),ITLDIS (SQL Server),Access via DAO classes and Hibernate entities (see 'dao' and 'HibernateMapping' packages),"Tables / Views / Stored Procedures (via Hibernate/JDBC, endpoint-specific)"
EAMG Catalogue,/EAMG_modify_kit_by_excel.do,POST,Form parameters (Struts form / query parameters),HTML (JSP view) via Struts forward,EAMG/Kit/Action/EAMG_ModifyKitByExcel.java,Dispatch methods / execute() inside Action class (varies by 'option' or 'method' parameter),ITLDIS (SQL Server),Access via DAO classes and Hibernate entities (see 'dao' and 'HibernateMapping' packages),"Tables / Views / Stored Procedures (via Hibernate/JDBC, endpoint-specific)"
EAMG Catalogue,/EAMG_modify_model_details.do,POST,Form parameters (Struts form / query parameters),HTML (JSP view) via Struts forward,EAMG/Model/Action/EAMG_ModifyModelDetailsAction.java,Dispatch methods / execute() inside Action class (varies by 'option' or 'method' parameter),ITLDIS (SQL Server),Access via DAO classes and Hibernate entities (see 'dao' and 'HibernateMapping' packages),"Tables / Views / Stored Procedures (via Hibernate/JDBC, endpoint-specific)"
EAMG Catalogue,/EAMG_modify_tool.do,POST,Form parameters (Struts form / query parameters),HTML (JSP view) via Struts forward,EAMG/Tool/Action/EAMG_ModifyToolDetailsAction.java,Dispatch methods / execute() inside Action class (varies by 'option' or 'method' parameter),ITLDIS (SQL Server),Access via DAO classes and Hibernate entities (see 'dao' and 'HibernateMapping' packages),"Tables / Views / Stored Procedures (via Hibernate/JDBC, endpoint-specific)"
EAMG Catalogue,/EAMG_modify_tool_by_excel.do,POST,Form parameters (Struts form / query parameters),HTML (JSP view) via Struts forward,EAMG/Tool/Action/EAMG_ModifyToolByExcel.java,Dispatch methods / execute() inside Action class (varies by 'option' or 'method' parameter),ITLDIS (SQL Server),Access via DAO classes and Hibernate entities (see 'dao' and 'HibernateMapping' packages),"Tables / Views / Stored Procedures (via Hibernate/JDBC, endpoint-specific)"
EAMG Catalogue,/EAMG_show_grps.do,POST,Form parameters (Struts form / query parameters),HTML (JSP view) via Struts forward,,Dispatch methods / execute() inside Action class (varies by 'option' or 'method' parameter),ITLDIS (SQL Server),Access via DAO classes and Hibernate entities (see 'dao' and 'HibernateMapping' packages),"Tables / Views / Stored Procedures (via Hibernate/JDBC, endpoint-specific)"
EAMG Catalogue,/EAMG_toolInsertionByWz.do,POST,Form parameters (Struts form / query parameters),HTML (JSP view) via Struts forward,EAMG/Tool/Action/EAMG_ToolInsertionByWzAction.java,Dispatch methods / execute() inside Action class (varies by 'option' or 'method' parameter),ITLDIS (SQL Server),Access via DAO classes and Hibernate entities (see 'dao' and 'HibernateMapping' packages),"Tables / Views / Stored Procedures (via Hibernate/JDBC, endpoint-specific)"
EAMG Catalogue,/EAMG_update_comp.do,POST,Form parameters (Struts form / query parameters),HTML (JSP view) via Struts forward,EAMG/Part/Action/EAMG_UpdateCompByExcelAction.java,Dispatch methods / execute() inside Action class (varies by 'option' or 'method' parameter),ITLDIS (SQL Server),Access via DAO classes and Hibernate entities (see 'dao' and 'HibernateMapping' packages),"Tables / Views / Stored Procedures (via Hibernate/JDBC, endpoint-specific)"
EAMG Catalogue,/ECNReport.do,POST,Form parameters (Struts form / query parameters),HTML (JSP view) via Struts forward,EAMG/Other/Action/EAMG_ECNReport.java,Dispatch methods / execute() inside Action class (varies by 'option' or 'method' parameter),ITLDIS (SQL Server),Access via DAO classes and Hibernate entities (see 'dao' and 'HibernateMapping' packages),"Tables / Views / Stored Procedures (via Hibernate/JDBC, endpoint-specific)"
EAMG Catalogue,/ECNReportDisp.do,POST,Form parameters (Struts form / query parameters),HTML (JSP view) via Struts forward,EAMG/Other/Action/EAMG_ECNReportDisp.java,Dispatch methods / execute() inside Action class (varies by 'option' or 'method' parameter),ITLDIS (SQL Server),Access via DAO classes and Hibernate entities (see 'dao' and 'HibernateMapping' packages),"Tables / Views / Stored Procedures (via Hibernate/JDBC, endpoint-specific)"
EAMG Catalogue,/UploadECN.do,POST,Form parameters (Struts form / query parameters),HTML (JSP view) via Struts forward,EAMG/Other/Action/UploadECN.java; FormBean: ecnFormBean,Dispatch methods / execute() inside Action class (varies by 'option' or 'method' parameter),ITLDIS (SQL Server),Access via DAO classes and Hibernate entities (see 'dao' and 'HibernateMapping' packages),"Tables / Views / Stored Procedures (via Hibernate/JDBC, endpoint-specific)"
EAMG Catalogue,/UsageDetails.do,POST,Form parameters (Struts form / query parameters),HTML (JSP view) via Struts forward,EAMG/Other/Action/UsageDetailAction.java; FormBean: usageBean,Dispatch methods / execute() inside Action class (varies by 'option' or 'method' parameter),ITLDIS (SQL Server),Access via DAO classes and Hibernate entities (see 'dao' and 'HibernateMapping' packages),"Tables / Views / Stored Procedures (via Hibernate/JDBC, endpoint-specific)"
EAMG Catalogue,/add_part.do,POST,Form parameters (Struts form / query parameters),HTML (JSP view) via Struts forward,EAMG/Part/Action/EAMG_AddPartAction.java,Dispatch methods / execute() inside Action class (varies by 'option' or 'method' parameter),ITLDIS (SQL Server),Access via DAO classes and Hibernate entities (see 'dao' and 'HibernateMapping' packages),"Tables / Views / Stored Procedures (via Hibernate/JDBC, endpoint-specific)"
EAMG Catalogue,/changeFCodeTableSequence.do,POST,Form parameters (Struts form / query parameters),HTML (JSP view) via Struts forward,EAMG/Group/Action/EAMG_ChangeFCodeSequenceAction.java; FormBean: EAMG_GroupCreationByWzActionForm,Dispatch methods / execute() inside Action class (varies by 'option' or 'method' parameter),ITLDIS (SQL Server),Access via DAO classes and Hibernate entities (see 'dao' and 'HibernateMapping' packages),"Tables / Views / Stored Procedures (via Hibernate/JDBC, endpoint-specific)"
EAMG Catalogue,/create_kit.do,POST,Form parameters (Struts form / query parameters),HTML (JSP view) via Struts forward,EAMG/Kit/Action/EAMG_KitCreationAction.java,Dispatch methods / execute() inside Action class (varies by 'option' or 'method' parameter),ITLDIS (SQL Server),Access via DAO classes and Hibernate entities (see 'dao' and 'HibernateMapping' packages),"Tables / Views / Stored Procedures (via Hibernate/JDBC, endpoint-specific)"
EAMG Catalogue,/create_tool.do,POST,Form parameters (Struts form / query parameters),HTML (JSP view) via Struts forward,EAMG/Tool/Action/EAMG_ToolCreationAction.java,Dispatch methods / execute() inside Action class (varies by 'option' or 'method' parameter),ITLDIS (SQL Server),Access via DAO classes and Hibernate entities (see 'dao' and 'HibernateMapping' packages),"Tables / Views / Stored Procedures (via Hibernate/JDBC, endpoint-specific)"
EAMG Catalogue,/delete_model.do,POST,Form parameters (Struts form / query parameters),HTML (JSP view) via Struts forward,EAMG/Model/Action/EAMG_DeleteModelAction.java,Dispatch methods / execute() inside Action class (varies by 'option' or 'method' parameter),ITLDIS (SQL Server),Access via DAO classes and Hibernate entities (see 'dao' and 'HibernateMapping' packages),"Tables / Views / Stored Procedures (via Hibernate/JDBC, endpoint-specific)"
EAMG Catalogue,/getSelectedOMEPartByEAMGPart.do,POST,Form parameters (Struts form / query parameters),HTML (JSP view) via Struts forward,EAMG/Other/Action/EAMG_EAMG_VS_OMEAction.java,Dispatch methods / execute() inside Action class (varies by 'option' or 'method' parameter),ITLDIS (SQL Server),Access via DAO classes and Hibernate entities (see 'dao' and 'HibernateMapping' packages),"Tables / Views / Stored Procedures (via Hibernate/JDBC, endpoint-specific)"
EAMG Catalogue,/grp_modify.do,POST,Form parameters (Struts form / query parameters),HTML (JSP view) via Struts forward,EAMG/Group/Action/EAMG_GrpModifiedAction.java,Dispatch methods / execute() inside Action class (varies by 'option' or 'method' parameter),ITLDIS (SQL Server),Access via DAO classes and Hibernate entities (see 'dao' and 'HibernateMapping' packages),"Tables / Views / Stored Procedures (via Hibernate/JDBC, endpoint-specific)"
EAMG Catalogue,/kit_creation.do,POST,Form parameters (Struts form / query parameters),HTML (JSP view) via Struts forward,EAMG/Kit/Action/EAMG_CreateKitDataAction.java,Dispatch methods / execute() inside Action class (varies by 'option' or 'method' parameter),ITLDIS (SQL Server),Access via DAO classes and Hibernate entities (see 'dao' and 'HibernateMapping' packages),"Tables / Views / Stored Procedures (via Hibernate/JDBC, endpoint-specific)"
EAMG Catalogue,/partvsAlternatPainted.do,POST,Form parameters (Struts form / query parameters),HTML (JSP view) via Struts forward,EAMG/Part/Action/PartVsAlternatPaintedAction.java,Dispatch methods / execute() inside Action class (varies by 'option' or 'method' parameter),ITLDIS (SQL Server),Access via DAO classes and Hibernate entities (see 'dao' and 'HibernateMapping' packages),"Tables / Views / Stored Procedures (via Hibernate/JDBC, endpoint-specific)"
EAMG Catalogue,/sapPartExcel.do,POST,Form parameters (Struts form / query parameters),HTML (JSP view) via Struts forward,EAMG/Part/Action/EAMG_SAP_PartAction.java,Dispatch methods / execute() inside Action class (varies by 'option' or 'method' parameter),ITLDIS (SQL Server),Access via DAO classes and Hibernate entities (see 'dao' and 'HibernateMapping' packages),"Tables / Views / Stored Procedures (via Hibernate/JDBC, endpoint-specific)"
EAMG Catalogue,/sap_partExcel.do,POST,Form parameters (Struts form / query parameters),HTML (JSP view) via Struts forward,EAMG/Part/Action/EAMG_SAP_PartAction.java,Dispatch methods / execute() inside Action class (varies by 'option' or 'method' parameter),ITLDIS (SQL Server),Access via DAO classes and Hibernate entities (see 'dao' and 'HibernateMapping' packages),"Tables / Views / Stored Procedures (via Hibernate/JDBC, endpoint-specific)"
EAMG Catalogue,/temp_model.do,POST,Form parameters (Struts form / query parameters),HTML (JSP view) via Struts forward,EAMG/Model/Action/EAMG_TempModelCreationAction.java,Dispatch methods / execute() inside Action class (varies by 'option' or 'method' parameter),ITLDIS (SQL Server),Access via DAO classes and Hibernate entities (see 'dao' and 'HibernateMapping' packages),"Tables / Views / Stored Procedures (via Hibernate/JDBC, endpoint-specific)"
EAMG Catalogue,/tool_creation.do,POST,Form parameters (Struts form / query parameters),HTML (JSP view) via Struts forward,EAMG/Tool/Action/EAMG_CreateToolDataAction.java,Dispatch methods / execute() inside Action class (varies by 'option' or 'method' parameter),ITLDIS (SQL Server),Access via DAO classes and Hibernate entities (see 'dao' and 'HibernateMapping' packages),"Tables / Views / Stored Procedures (via Hibernate/JDBC, endpoint-specific)"
EAMG Catalogue,/uploadPricelist.do,POST,Form parameters (Struts form / query parameters),HTML (JSP view) via Struts forward,EAMG/Part/Action/EAMG_PriceListAction.java,Dispatch methods / execute() inside Action class (varies by 'option' or 'method' parameter),ITLDIS (SQL Server),Access via DAO classes and Hibernate entities (see 'dao' and 'HibernateMapping' packages),"Tables / Views / Stored Procedures (via Hibernate/JDBC, endpoint-specific)"
EAMG Catalogue,/upload_pricelist.do,POST,Form parameters (Struts form / query parameters),HTML (JSP view) via Struts forward,EAMG/Part/Action/EAMG_PriceListAction.java,Dispatch methods / execute() inside Action class (varies by 'option' or 'method' parameter),ITLDIS (SQL Server),Access via DAO classes and Hibernate entities (see 'dao' and 'HibernateMapping' packages),"Tables / Views / Stored Procedures (via Hibernate/JDBC, endpoint-specific)"
External SAP Webservice,/webservice.do,POST,Form parameters (Struts form / query parameters),HTML (JSP view) via Struts forward,webservice/webserviceAction.java; FormBean: webserviceform,Dispatch methods / execute() inside Action class (varies by 'option' or 'method' parameter),ITLDIS (SQL Server),Access via DAO classes and Hibernate entities (see 'dao' and 'HibernateMapping' packages),"Tables / Views / Stored Procedures (via Hibernate/JDBC, endpoint-specific)"
General,/Add_2_cart,GET/POST,HTTP request (typically query parameters / form data),HTML (JSP) or file download depending on servlet,viewEcat/orderEcat/Add_2_cart.java,doGet()/doPost() and helper methods inside servlet,ITLDIS (SQL Server),Access via DAO/utility classes and Hibernate entities (servlet-specific),"Tables / Views / Stored Procedures (via Hibernate/JDBC, endpoint-specific)"
General,/Adv_search_ind_model,GET/POST,HTTP request (typically query parameters / form data),HTML (JSP) or file download depending on servlet,viewEcat/comEcat/Adv_search_ind_model.java,doGet()/doPost() and helper methods inside servlet,ITLDIS (SQL Server),Access via DAO/utility classes and Hibernate entities (servlet-specific),"Tables / Views / Stored Procedures (via Hibernate/JDBC, endpoint-specific)"
General,/AdvancesearchOption_1,GET/POST,HTTP request (typically query parameters / form data),HTML (JSP) or file download depending on servlet,viewEcat/comEcat/AdvancesearchOption_1.java,doGet()/doPost() and helper methods inside servlet,ITLDIS (SQL Server),Access via DAO/utility classes and Hibernate entities (servlet-specific),"Tables / Views / Stored Procedures (via Hibernate/JDBC, endpoint-specific)"
General,/AllCompAvailable,GET/POST,HTTP request (typically query parameters / form data),HTML (JSP) or file download depending on servlet,viewEcat/comEcat/AllCompAvailable.java,doGet()/doPost() and helper methods inside servlet,ITLDIS (SQL Server),Access via DAO/utility classes and Hibernate entities (servlet-specific),"Tables / Views / Stored Procedures (via Hibernate/JDBC, endpoint-specific)"
General,/Authenticate_criteria,GET/POST,HTTP request (typically query parameters / form data),HTML (JSP) or file download depending on servlet,viewEcat/comEcat/Authenticate_criteria.java,doGet()/doPost() and helper methods inside servlet,ITLDIS (SQL Server),Access via DAO/utility classes and Hibernate entities (servlet-specific),"Tables / Views / Stored Procedures (via Hibernate/JDBC, endpoint-specific)"
General,/Authenticate_user,GET/POST,HTTP request (typically query parameters / form data),HTML (JSP) or file download depending on servlet,viewEcat/comEcat/Authenticate_user.java,doGet()/doPost() and helper methods inside servlet,ITLDIS (SQL Server),Access via DAO/utility classes and Hibernate entities (servlet-specific),"Tables / Views / Stored Procedures (via Hibernate/JDBC, endpoint-specific)"
General,/DelPartFrmExcel,GET/POST,HTTP request (typically query parameters / form data),HTML (JSP) or file download depending on servlet,viewEcat/orderEcat/DelPartFrmExcel.java,doGet()/doPost() and helper methods inside servlet,ITLDIS (SQL Server),Access via DAO/utility classes and Hibernate entities (servlet-specific),"Tables / Views / Stored Procedures (via Hibernate/JDBC, endpoint-specific)"
General,/ExportCartToExcel,GET/POST,HTTP request (typically query parameters / form data),HTML (JSP) or file download depending on servlet,viewEcat/orderEcat/ExportCartToExcel.java,doGet()/doPost() and helper methods inside servlet,ITLDIS (SQL Server),Access via DAO/utility classes and Hibernate entities (servlet-specific),"Tables / Views / Stored Procedures (via Hibernate/JDBC, endpoint-specific)"
General,/FillForm.do,POST,Form parameters (Struts form / query parameters),HTML (JSP view) via Struts forward,,Dispatch methods / execute() inside Action class (varies by 'option' or 'method' parameter),ITLDIS (SQL Server),Access via DAO classes and Hibernate entities (see 'dao' and 'HibernateMapping' packages),"Tables / Views / Stored Procedures (via Hibernate/JDBC, endpoint-specific)"
General,/GroupDetail,GET/POST,HTTP request (typically query parameters / form data),HTML (JSP) or file download depending on servlet,viewEcat/comEcat/GroupDetail.java,doGet()/doPost() and helper methods inside servlet,ITLDIS (SQL Server),Access via DAO/utility classes and Hibernate entities (servlet-specific),"Tables / Views / Stored Procedures (via Hibernate/JDBC, endpoint-specific)"
General,/GroupPrintable,GET/POST,HTTP request (typically query parameters / form data),HTML (JSP) or file download depending on servlet,viewEcat/comEcat/GroupPrintable.java,doGet()/doPost() and helper methods inside servlet,ITLDIS (SQL Server),Access via DAO/utility classes and Hibernate entities (servlet-specific),"Tables / Views / Stored Procedures (via Hibernate/JDBC, endpoint-specific)"
General,/GroupWhereUsed,GET/POST,HTTP request (typically query parameters / form data),HTML (JSP) or file download depending on servlet,viewEcat/comEcat/GroupWhereUsed.java,doGet()/doPost() and helper methods inside servlet,ITLDIS (SQL Server),Access via DAO/utility classes and Hibernate entities (servlet-specific),"Tables / Views / Stored Procedures (via Hibernate/JDBC, endpoint-specific)"
General,/Group_details_only,GET/POST,HTTP request (typically query parameters / form data),HTML (JSP) or file download depending on servlet,viewEcat/comEcat/Group_details_only.java,doGet()/doPost() and helper methods inside servlet,ITLDIS (SQL Server),Access via DAO/utility classes and Hibernate entities (servlet-specific),"Tables / Views / Stored Procedures (via Hibernate/JDBC, endpoint-specific)"
General,/MainModels,GET/POST,HTTP request (typically query parameters / form data),HTML (JSP) or file download depending on servlet,viewEcat/comEcat/MainModels.java,doGet()/doPost() and helper methods inside servlet,ITLDIS (SQL Server),Access via DAO/utility classes and Hibernate entities (servlet-specific),"Tables / Views / Stored Procedures (via Hibernate/JDBC, endpoint-specific)"
General,/ModelExport_bom,GET/POST,HTTP request (typically query parameters / form data),HTML (JSP) or file download depending on servlet,viewEcat/comEcat/ModelExport_bom.java,doGet()/doPost() and helper methods inside servlet,ITLDIS (SQL Server),Access via DAO/utility classes and Hibernate entities (servlet-specific),"Tables / Views / Stored Procedures (via Hibernate/JDBC, endpoint-specific)"
General,/ModelPrintable,GET/POST,HTTP request (typically query parameters / form data),HTML (JSP) or file download depending on servlet,viewEcat/comEcat/ModelPrintable.java,doGet()/doPost() and helper methods inside servlet,ITLDIS (SQL Server),Access via DAO/utility classes and Hibernate entities (servlet-specific),"Tables / Views / Stored Procedures (via Hibernate/JDBC, endpoint-specific)"
General,/PartDetails,GET/POST,HTTP request (typically query parameters / form data),HTML (JSP) or file download depending on servlet,viewEcat/comEcat/PartDetails.java,doGet()/doPost() and helper methods inside servlet,ITLDIS (SQL Server),Access via DAO/utility classes and Hibernate entities (servlet-specific),"Tables / Views / Stored Procedures (via Hibernate/JDBC, endpoint-specific)"
General,/Part_where_used,GET/POST,HTTP request (typically query parameters / form data),HTML (JSP) or file download depending on servlet,viewEcat/comEcat/Part_where_used.java,doGet()/doPost() and helper methods inside servlet,ITLDIS (SQL Server),Access via DAO/utility classes and Hibernate entities (servlet-specific),"Tables / Views / Stored Procedures (via Hibernate/JDBC, endpoint-specific)"
General,/ProcessAction.do,POST,Form parameters (Struts form / query parameters),HTML (JSP view) via Struts forward,action/ServiceProcessAction.java; FormBean: serviceForm,Dispatch methods / execute() inside Action class (varies by 'option' or 'method' parameter),ITLDIS (SQL Server),Access via DAO classes and Hibernate entities (see 'dao' and 'HibernateMapping' packages),"Tables / Views / Stored Procedures (via Hibernate/JDBC, endpoint-specific)"
General,/TopHeader,GET/POST,HTTP request (typically query parameters / form data),HTML (JSP) or file download depending on servlet,viewEcat/comEcat/TopHeader.java,doGet()/doPost() and helper methods inside servlet,ITLDIS (SQL Server),Access via DAO/utility classes and Hibernate entities (servlet-specific),"Tables / Views / Stored Procedures (via Hibernate/JDBC, endpoint-specific)"
General,/ViewAggregates,GET/POST,HTTP request (typically query parameters / form data),HTML (JSP) or file download depending on servlet,viewEcat/comEcat/ViewAggregates.java,doGet()/doPost() and helper methods inside servlet,ITLDIS (SQL Server),Access via DAO/utility classes and Hibernate entities (servlet-specific),"Tables / Views / Stored Procedures (via Hibernate/JDBC, endpoint-specific)"
General,/ViewAggregates1,GET/POST,HTTP request (typically query parameters / form data),HTML (JSP) or file download depending on servlet,viewEcat/comEcat/ViewAggregates1.java,doGet()/doPost() and helper methods inside servlet,ITLDIS (SQL Server),Access via DAO/utility classes and Hibernate entities (servlet-specific),"Tables / Views / Stored Procedures (via Hibernate/JDBC, endpoint-specific)"
General,/ViewGroupImage_BOM,GET/POST,HTTP request (typically query parameters / form data),HTML (JSP) or file download depending on servlet,viewEcat/comEcat/ViewGroupImage_BOM.java,doGet()/doPost() and helper methods inside servlet,ITLDIS (SQL Server),Access via DAO/utility classes and Hibernate entities (servlet-specific),"Tables / Views / Stored Procedures (via Hibernate/JDBC, endpoint-specific)"
General,/ViewGroupImages,GET/POST,HTTP request (typically query parameters / form data),HTML (JSP) or file download depending on servlet,viewEcat/comEcat/ViewGroupImages.java,doGet()/doPost() and helper methods inside servlet,ITLDIS (SQL Server),Access via DAO/utility classes and Hibernate entities (servlet-specific),"Tables / Views / Stored Procedures (via Hibernate/JDBC, endpoint-specific)"
General,/ViewModel,GET/POST,HTTP request (typically query parameters / form data),HTML (JSP) or file download depending on servlet,viewEcat/comEcat/ViewModel.java,doGet()/doPost() and helper methods inside servlet,ITLDIS (SQL Server),Access via DAO/utility classes and Hibernate entities (servlet-specific),"Tables / Views / Stored Procedures (via Hibernate/JDBC, endpoint-specific)"
General,/ViewModel_PictureView,GET/POST,HTTP request (typically query parameters / form data),HTML (JSP) or file download depending on servlet,viewEcat/comEcat/ViewModel_PictureView.java,doGet()/doPost() and helper methods inside servlet,ITLDIS (SQL Server),Access via DAO/utility classes and Hibernate entities (servlet-specific),"Tables / Views / Stored Procedures (via Hibernate/JDBC, endpoint-specific)"
General,/ViewModel_pictureView1,GET/POST,HTTP request (typically query parameters / form data),HTML (JSP) or file download depending on servlet,viewEcat/comEcat/ViewModel_pictureView1.java,doGet()/doPost() and helper methods inside servlet,ITLDIS (SQL Server),Access via DAO/utility classes and Hibernate entities (servlet-specific),"Tables / Views / Stored Procedures (via Hibernate/JDBC, endpoint-specific)"
General,/View_EngineModel,GET/POST,HTTP request (typically query parameters / form data),HTML (JSP) or file download depending on servlet,viewEcat/comEcat/View_EngineModel.java,doGet()/doPost() and helper methods inside servlet,ITLDIS (SQL Server),Access via DAO/utility classes and Hibernate entities (servlet-specific),"Tables / Views / Stored Procedures (via Hibernate/JDBC, endpoint-specific)"
General,/View_EngineSeries,GET/POST,HTTP request (typically query parameters / form data),HTML (JSP) or file download depending on servlet,viewEcat/comEcat/View_EngineSeries.java,doGet()/doPost() and helper methods inside servlet,ITLDIS (SQL Server),Access via DAO/utility classes and Hibernate entities (servlet-specific),"Tables / Views / Stored Procedures (via Hibernate/JDBC, endpoint-specific)"
General,/View_cart,GET/POST,HTTP request (typically query parameters / form data),HTML (JSP) or file download depending on servlet,viewEcat/orderEcat/View_cart.java,doGet()/doPost() and helper methods inside servlet,ITLDIS (SQL Server),Access via DAO/utility classes and Hibernate entities (servlet-specific),"Tables / Views / Stored Procedures (via Hibernate/JDBC, endpoint-specific)"
General,/changelogin,GET/POST,HTTP request (typically query parameters / form data),HTML (JSP) or file download depending on servlet,action/ChangeAction.java,doGet()/doPost() and helper methods inside servlet,ITLDIS (SQL Server),Access via DAO/utility classes and Hibernate entities (servlet-specific),"Tables / Views / Stored Procedures (via Hibernate/JDBC, endpoint-specific)"
General,/compAvailable,GET/POST,HTTP request (typically query parameters / form data),HTML (JSP) or file download depending on servlet,viewEcat/comEcat/compAvailable.java,doGet()/doPost() and helper methods inside servlet,ITLDIS (SQL Server),Access via DAO/utility classes and Hibernate entities (servlet-specific),"Tables / Views / Stored Procedures (via Hibernate/JDBC, endpoint-specific)"
General,/createPIAction.do,POST,Form parameters (Struts form / query parameters),HTML (JSP view) via Struts forward,action/piAction/CreatePIAction.java; FormBean: piForm,Dispatch methods / execute() inside Action class (varies by 'option' or 'method' parameter),ITLDIS (SQL Server),Access via DAO classes and Hibernate entities (see 'dao' and 'HibernateMapping' packages),"Tables / Views / Stored Procedures (via Hibernate/JDBC, endpoint-specific)"
General,/downloadFileServlet,GET/POST,HTTP request (typically query parameters / form data),HTML (JSP) or file download depending on servlet,EAMG_Service_Bulletin/FileDownloadServlet.java,doGet()/doPost() and helper methods inside servlet,ITLDIS (SQL Server),Access via DAO/utility classes and Hibernate entities (servlet-specific),"Tables / Views / Stored Procedures (via Hibernate/JDBC, endpoint-specific)"
General,/forgetPass.do,POST,Form parameters (Struts form / query parameters),HTML (JSP view) via Struts forward,,Dispatch methods / execute() inside Action class (varies by 'option' or 'method' parameter),ITLDIS (SQL Server),Access via DAO classes and Hibernate entities (see 'dao' and 'HibernateMapping' packages),"Tables / Views / Stored Procedures (via Hibernate/JDBC, endpoint-specific)"
General,/getModelDescByProduct,GET/POST,HTTP request (typically query parameters / form data),HTML (JSP) or file download depending on servlet,viewEcat/comEcat/getModelDescByProduct.java,doGet()/doPost() and helper methods inside servlet,ITLDIS (SQL Server),Access via DAO/utility classes and Hibernate entities (servlet-specific),"Tables / Views / Stored Procedures (via Hibernate/JDBC, endpoint-specific)"
General,/initCatalogue.do,POST,Form parameters (Struts form / query parameters),HTML (JSP view) via Struts forward,,Dispatch methods / execute() inside Action class (varies by 'option' or 'method' parameter),ITLDIS (SQL Server),Access via DAO classes and Hibernate entities (see 'dao' and 'HibernateMapping' packages),"Tables / Views / Stored Procedures (via Hibernate/JDBC, endpoint-specific)"
General,/initExtWarranty.do,POST,Form parameters (Struts form / query parameters),HTML (JSP view) via Struts forward,,Dispatch methods / execute() inside Action class (varies by 'option' or 'method' parameter),ITLDIS (SQL Server),Access via DAO classes and Hibernate entities (see 'dao' and 'HibernateMapping' packages),"Tables / Views / Stored Procedures (via Hibernate/JDBC, endpoint-specific)"
General,/initService.do,POST,Form parameters (Struts form / query parameters),HTML (JSP view) via Struts forward,,Dispatch methods / execute() inside Action class (varies by 'option' or 'method' parameter),ITLDIS (SQL Server),Access via DAO classes and Hibernate entities (see 'dao' and 'HibernateMapping' packages),"Tables / Views / Stored Procedures (via Hibernate/JDBC, endpoint-specific)"
General,/initWarranty.do,POST,Form parameters (Struts form / query parameters),HTML (JSP view) via Struts forward,,Dispatch methods / execute() inside Action class (varies by 'option' or 'method' parameter),ITLDIS (SQL Server),Access via DAO classes and Hibernate entities (see 'dao' and 'HibernateMapping' packages),"Tables / Views / Stored Procedures (via Hibernate/JDBC, endpoint-specific)"
General,/masterAction.do,POST,Form parameters (Struts form / query parameters),HTML (JSP view) via Struts forward,action/masterAction.java; FormBean: masterForm,Dispatch methods / execute() inside Action class (varies by 'option' or 'method' parameter),ITLDIS (SQL Server),Access via DAO classes and Hibernate entities (see 'dao' and 'HibernateMapping' packages),"Tables / Views / Stored Procedures (via Hibernate/JDBC, endpoint-specific)"
General,/userMgmt_assignRolesToUser.do,POST,Form parameters (Struts form / query parameters),HTML (JSP view) via Struts forward,userMgmt/action/userMgmt_assignRolesToUserAction.java; FormBean: userMgmt_manageUserBean,Dispatch methods / execute() inside Action class (varies by 'option' or 'method' parameter),ITLDIS (SQL Server),Access via DAO classes and Hibernate entities (see 'dao' and 'HibernateMapping' packages),"Tables / Views / Stored Procedures (via Hibernate/JDBC, endpoint-specific)"
General,/viewGroupImageTopHeading,GET/POST,HTTP request (typically query parameters / form data),HTML (JSP) or file download depending on servlet,viewEcat/comEcat/viewGroupImageTopHeading.java,doGet()/doPost() and helper methods inside servlet,ITLDIS (SQL Server),Access via DAO/utility classes and Hibernate entities (servlet-specific),"Tables / Views / Stored Procedures (via Hibernate/JDBC, endpoint-specific)"
Installation,/installProcess.do,POST,Form parameters (Struts form / query parameters),HTML (JSP view) via Struts forward,action/installAction.java; FormBean: serviceForm,Dispatch methods / execute() inside Action class (varies by 'option' or 'method' parameter),ITLDIS (SQL Server),Access via DAO classes and Hibernate entities (see 'dao' and 'HibernateMapping' packages),"Tables / Views / Stored Procedures (via Hibernate/JDBC, endpoint-specific)"
Inventory,/inventoryAction.do,POST,Form parameters (Struts form / query parameters),HTML (JSP view) via Struts forward,action/InvtoryAction.java; FormBean: inventoryForm,Dispatch methods / execute() inside Action class (varies by 'option' or 'method' parameter),ITLDIS (SQL Server),Access via DAO classes and Hibernate entities (see 'dao' and 'HibernateMapping' packages),"Tables / Views / Stored Procedures (via Hibernate/JDBC, endpoint-specific)"
Inventory Export,/inventoryEXPAction.do,POST,Form parameters (Struts form / query parameters),HTML (JSP view) via Struts forward,action/inventoryEXPAction.java; FormBean: inventoryForm,Dispatch methods / execute() inside Action class (varies by 'option' or 'method' parameter),ITLDIS (SQL Server),Access via DAO classes and Hibernate entities (see 'dao' and 'HibernateMapping' packages),"Tables / Views / Stored Procedures (via Hibernate/JDBC, endpoint-specific)"
PDI,/pdiServiceProcess.do,POST,Form parameters (Struts form / query parameters),HTML (JSP view) via Struts forward,action/pdiAction.java; FormBean: pdiForm,Dispatch methods / execute() inside Action class (varies by 'option' or 'method' parameter),ITLDIS (SQL Server),Access via DAO classes and Hibernate entities (see 'dao' and 'HibernateMapping' packages),"Tables / Views / Stored Procedures (via Hibernate/JDBC, endpoint-specific)"
Reports,/reportAction.do,POST,Form parameters (Struts form / query parameters),HTML (JSP view) via Struts forward,action/ReportAction.java; FormBean: reportForm,Dispatch methods / execute() inside Action class (varies by 'option' or 'method' parameter),ITLDIS (SQL Server),Access via DAO classes and Hibernate entities (see 'dao' and 'HibernateMapping' packages),"Tables / Views / Stored Procedures (via Hibernate/JDBC, endpoint-specific)"
Service,/ServiceProcessAction.do,POST,Form parameters (Struts form / query parameters),HTML (JSP view) via Struts forward,action/ServiceProcessAction.java; FormBean: serviceForm,Dispatch methods / execute() inside Action class (varies by 'option' or 'method' parameter),ITLDIS (SQL Server),Access via DAO classes and Hibernate entities (see 'dao' and 'HibernateMapping' packages),"Tables / Views / Stored Procedures (via Hibernate/JDBC, endpoint-specific)"
Service,/serviceBulletin.do,POST,Form parameters (Struts form / query parameters),HTML (JSP view) via Struts forward,EAMG_Service_Bulletin/EAMG_ServiceBulletinAction.java; FormBean: sBFormBean,Dispatch methods / execute() inside Action class (varies by 'option' or 'method' parameter),ITLDIS (SQL Server),Access via DAO classes and Hibernate entities (see 'dao' and 'HibernateMapping' packages),"Tables / Views / Stored Procedures (via Hibernate/JDBC, endpoint-specific)"
Service,/serviceCreateJC.do,POST,Form parameters (Struts form / query parameters),HTML (JSP view) via Struts forward,action/createJobCardAction.java; FormBean: serviceForm,Dispatch methods / execute() inside Action class (varies by 'option' or 'method' parameter),ITLDIS (SQL Server),Access via DAO classes and Hibernate entities (see 'dao' and 'HibernateMapping' packages),"Tables / Views / Stored Procedures (via Hibernate/JDBC, endpoint-specific)"
Service,/serviceOptProcess.do,POST,Form parameters (Struts form / query parameters),HTML (JSP view) via Struts forward,action/serviceOptionsAction.java; FormBean: serviceForm,Dispatch methods / execute() inside Action class (varies by 'option' or 'method' parameter),ITLDIS (SQL Server),Access via DAO classes and Hibernate entities (see 'dao' and 'HibernateMapping' packages),"Tables / Views / Stored Procedures (via Hibernate/JDBC, endpoint-specific)"
Service,/serviceProcess.do,POST,Form parameters (Struts form / query parameters),HTML (JSP view) via Struts forward,action/serviceAction.java; FormBean: serviceForm,Dispatch methods / execute() inside Action class (varies by 'option' or 'method' parameter),ITLDIS (SQL Server),Access via DAO classes and Hibernate entities (see 'dao' and 'HibernateMapping' packages),"Tables / Views / Stored Procedures (via Hibernate/JDBC, endpoint-specific)"
User Management,/UserManagement.do,POST,Form parameters (Struts form / query parameters),HTML (JSP view) via Struts forward,action/UserManagementAction.java; FormBean: userForm,Dispatch methods / execute() inside Action class (varies by 'option' or 'method' parameter),ITLDIS (SQL Server),Access via DAO classes and Hibernate entities (see 'dao' and 'HibernateMapping' packages),"Tables / Views / Stored Procedures (via Hibernate/JDBC, endpoint-specific)"
Warranty,/warrantyAction.do,POST,Form parameters (Struts form / query parameters),HTML (JSP view) via Struts forward,action/WarrantyAction.java; FormBean: warrantyForm,Dispatch methods / execute() inside Action class (varies by 'option' or 'method' parameter),ITLDIS (SQL Server),Access via DAO classes and Hibernate entities (see 'dao' and 'HibernateMapping' packages),"Tables / Views / Stored Procedures (via Hibernate/JDBC, endpoint-specific)"
